Contrato,Data_Ocorrencia,Data_Envio,CHAVE
204151170,2026-01-29,2026-01-29,204151170_2026-01-29
204151170,2026-01-29,2026-01-29,204151170_2026-01-29
204169200,2026-01-29,2026-01-29,204169200_2026-01-29
204169200,2026-01-29,2026-01-29,204169200_2026-01-29
204169200,2026-01-29,2026-01-29,204169200_2026-01-29
204169200,2026-01-29,2026-01-29,204169200_2026-01-29
204188252,2026-01-29,2026-01-29,204188252_2026-01-29
204188252,2026-01-29,2026-01-29,204188252_2026-01-29
204193133,2026-01-29,2026-01-29,204193133_2026-01-29
204193133,2026-01-29,2026-01-29,204193133_2026-01-29
204193767,2026-01-29,2026-01-29,204193767_2026-01-29
204193767,2026-01-29,2026-01-29,204193767_2026-01-29
208035825,2026-01-29,2026-01-29,208035825_2026-01-29
208035825,2026-01-29,2026-01-29,208035825_2026-01-29
208043060,2026-01-29,2026-01-29,208043060_2026-01-29
208043060,2026-01-29,2026-01-29,208043060_2026-01-29
208043060,2026-01-29,2026-01-29,208043060_2026-01-29
208047029,2026-01-29,2026-01-29,208047029_2026-01-29
208047029,2026-01-29,2026-01-29,208047029_2026-01-29
600034577,2026-01-29,2026-01-29,600034577_2026-01-29
600034577,2026-01-29,2026-01-29,600034577_2026-01-29
600035641,2026-01-29,2026-01-29,600035641_2026-01-29
600035641,2026-01-29,2026-01-29,600035641_2026-01-29
601010980,2026-01-29,2026-01-29,601010980_2026-01-29
601010980,2026-01-29,2026-01-29,601010980_2026-01-29
616060479C,2026-01-29,2026-01-29,616060479C_2026-01-29
616060479C,2026-01-29,2026-01-29,616060479C_2026-01-29
616116247,2026-01-29,2026-01-29,616116247_2026-01-29
616116247,2026-01-29,2026-01-29,616116247_2026-01-29
616116247,2026-01-29,2026-01-29,616116247_2026-01-29
616116247,2026-01-29,2026-01-29,616116247_2026-01-29
204180284,2026-02-02,2026-02-02,
208049589,2026-02-02,2026-02-02,
601011498,2026-02-02,2026-02-02,
616128831,2026-02-02,2026-02-02,
